filename,width,height,class,xmin,ymin,xmax,ymax
5114328-avengers-wallpaper-hd.jpg,1920,1080,thor,715.496337890625,400.09686279296875,224.89105224609375,305.9564208984375
