filename,width,height,class,xmin,ymin,xmax,ymax
5114328-avengers-wallpaper-hd.jpg,1920,1080,hawk,217.64244079589844,350.0542297363281,206.4422149658203,354.5420837402344
